{"cameraMode":{"drawMode":0,"name":"Shaded","section":"Shading Mode"},"sceneLighting":true,"audioPlay":false,"sceneViewState":{"m_AlwaysRefresh":false,"showFog":true,"showSkybox":true,"showFlares":true,"showImageEffects":true,"showParticleSystems":true,"showVisualEffectGraphs":true,"m_FxEnabled":true},"in2DMode":false,"pivot":{"x":1.4732098579406739,"y":2.0900535583496095,"z":3.9155502319335939},"rotation":{"x":-0.127045139670372,"y":0.03959203511476517,"z":-0.005084587261080742,"w":-0.9910311102867127},"size":7.069122791290283,"orthographic":false}